sequence,iptm,ptm,ranking_score,iptm+ptm
AVHHSYSPRAGQR,0.96,0.88,0.98,1.8399999999999999
AVDHSSSPRHGQR,0.95,0.88,0.97,1.83
PVRGSHSSHLPVR,0.95,0.87,0.96,1.8199999999999998
RVGRSKSLRGPQK,0.94,0.87,0.96,1.81
GVDHSYSQRAGQR,0.94,0.88,0.96,1.8199999999999998
AVDHSYSTRNGQR,0.94,0.88,0.96,1.8199999999999998
AVDHSVSARAGQR,0.94,0.88,0.96,1.8199999999999998
RVHRSSSKRGPQK,0.93,0.88,0.95,1.81
AVDRSYSPRGGQR,0.93,0.87,0.95,1.8
TVRSSRSQIHPQK,0.92,0.88,0.95,1.8
YVQRSHSSHTGSR,0.91,0.87,0.94,1.78
FTGPSYSGHGGAR,0.91,0.88,0.94,1.79
HVRSSRSQIGIQK,0.91,0.87,0.94,1.78
FVGPSGSGHGGGR,0.91,0.87,0.93,1.78
HVDHSYSPRAAQR,0.91,0.88,0.93,1.79
RVKRSYSKRGYQK,0.9,0.88,0.93,1.78
TVRPSRSGIGRQK,0.9,0.88,0.93,1.78
WVDASYSPRAGQR,0.9,0.87,0.93,1.77
AVQGSHSSHTGGR,0.9,0.87,0.93,1.77
RAGPSKSGQGGQR,0.9,0.87,0.93,1.77
RAGPSKSQTGGGR,0.89,0.88,0.92,1.77
GVGASNSQHSSGA,0.89,0.87,0.92,1.76
DVRRSHSSHLPGR,0.89,0.87,0.92,1.76
DVGPSTSGRGRGR,0.88,0.87,0.91,1.75
TVRSSRSRISRQK,0.88,0.88,0.91,1.76
RVKGSKSKRGGQK,0.88,0.87,0.91,1.75
YVRGSYSSHLPGR,0.87,0.87,0.9,1.74
YAQMSYSLHPGGR,0.87,0.87,0.9,1.74
MVRGSTSGSAPQG,0.87,0.87,0.9,1.74
GVGASNSGHAPGA,0.87,0.87,0.9,1.74
PVRPSQSSQAGGR,0.86,0.87,0.89,1.73
RFRRSKSKRGPQK,0.86,0.87,0.9,1.73
GVRASNSDHSPGA,0.86,0.88,0.89,1.74
AVDVSYSRRAGQR,0.85,0.88,0.89,1.73
FTGPSGSIHLGGR,0.85,0.87,0.88,1.72
TVRSSRSQIARWK,0.85,0.87,0.89,1.72
RGGPSFSGQGGGR,0.85,0.87,0.89,1.72
AQDHSYSHRAGQR,0.84,0.87,0.88,1.71
YVQLSHSSHHGGR,0.84,0.87,0.88,1.71
TVGSSRSQITRQK,0.84,0.88,0.88,1.72
RVKRSKSKIGPQK,0.84,0.88,0.88,1.72
AVDHSYSPRALQK,0.84,0.87,0.88,1.71
RVKLSKSKRAPQK,0.83,0.87,0.87,1.7
DVGASSSSQAGGR,0.83,0.88,0.87,1.71
YVQGSNSTHTGGR,0.83,0.87,0.87,1.7
TAGPSKSGFGGGR,0.82,0.88,0.86,1.7
YVQGSHSSGTGQR,0.82,0.87,0.86,1.69
YVRPSHSSHLYGR,0.82,0.87,0.86,1.69
DVGASYSGQGGGR,0.81,0.88,0.86,1.69
DAGPSFSGIGGGR,0.81,0.88,0.86,1.69
YVRLSHSWHLPGR,0.81,0.87,0.85,1.6800000000000002
YVQDSHSDHTGGR,0.8,0.87,0.84,1.67
RVRMSRSQIGRQK,0.79,0.87,0.84,1.6600000000000001
YVDHSYSPWAGQR,0.78,0.87,0.83,1.65
YVQGSASSHTSGR,0.78,0.87,0.83,1.65
YVQGSDSSHTGFR,0.78,0.87,0.83,1.65
YVQGSTSSHPGGR,0.78,0.87,0.83,1.65
PVRSSQSSIAQGR,0.78,0.87,0.83,1.65
AAQGSLSLHPGGR,0.78,0.87,0.83,1.65
PVRSSQSSTTGGR,0.77,0.87,0.82,1.6400000000000001
GVGASNSGASPGY,0.77,0.87,0.82,1.6400000000000001
FTGPSGSGIGGWR,0.73,0.87,0.79,1.6
AVDMSYSPRAGGR,0.73,0.88,0.79,1.6099999999999999
EVCRSKSKRGPQK,0.71,0.88,0.78,1.5899999999999999
AVGFSNSGHSPGA,0.69,0.87,0.76,1.56
YVQGSYSSMTGGR,0.66,0.87,0.74,1.53
YVKRSKSKRCPQK,0.66,0.88,0.74,1.54
AVDHSYSPEAVQR,0.64,0.88,0.72,1.52
YVQGSHSQWTGGR,0.64,0.87,0.72,1.51
TVNISRSQIGRQK,0.63,0.87,0.71,1.5
RVKRSKSGRPPQK,0.63,0.87,0.71,1.5
PVRSSTSSCAGGR,0.62,0.87,0.7,1.49
RVKRSKSIRGCQK,0.62,0.88,0.71,1.5
AVDHSYSMRAGCR,0.61,0.87,0.69,1.48
TVRDSRSQIGRQG,0.6,0.87,0.69,1.47
TVRHSRSQIGWQK,0.6,0.87,0.68,1.47
EVRFSTSQSAGQG,0.6,0.87,0.69,1.47
TNRSSRSQIGRQR,0.6,0.88,0.69,1.48
DAGHSFSIRGGGR,0.59,0.87,0.67,1.46
AVDHSYSEIAGQR,0.59,0.87,0.68,1.46
TVRWSRSQIVRQK,0.58,0.88,0.67,1.46
TVRSSRSQWLRQK,0.58,0.87,0.67,1.45
RVKRSFSCRGPQK,0.56,0.87,0.65,1.4300000000000002
TVRSSYSQIGRQK,0.55,0.87,0.65,1.42
AVDHSYSWRAWQR,0.51,0.87,0.62,1.38
DRGPSKSGQGGGR,0.51,0.87,0.62,1.38
AVDNSYSPVAGQR,0.5,0.87,0.6,1.37
AVDHSYSPSLGQR,0.5,0.87,0.6,1.37
DTGPSTSGEGSGR,0.49,0.87,0.59,1.3599999999999999
AKDHSGSPRAGQR,0.48,0.87,0.59,1.35
AVDHSWSPRAPQR,0.47,0.87,0.58,1.3399999999999999
AADHSYSPRASQR,0.47,0.87,0.58,1.3399999999999999
APDHSYSPAAGQR,0.46,0.87,0.57,1.33
AVQPSLSHSPSDK,,,,
RVKRSQSKRTPQK,,,,
YVRGSHSSHLPQG,,,,
