sequence,fitness
AVDHSYSPRAGQR,0.95
TVRSSRSQIGRQK,0.9
RVKRSKSKRGPQK,0.89
YVQGSHSSHTGGR,0.88
TVRSSRSQIGRQK,0.87
PVRSSQSSQAGGR,0.86
GVGASNSGHSPGA,0.86
YVQGSHSSHTGGR,0.86
YVRGSHSSHLPGR,0.86
FTGPSGSGHGGGR,0.85
DAGPSFSGRGGGR,0.85
RAGPSKSGQGGGR,0.84
DVGASSSGQGGGR,0.83
EVRGSTSGSAGQG,0.82
YAQGSHSLHPGGR,0.82
DTGPSTSGRGRGR,0.82
ATPGSTSRHSGQK,0.79
AVGGSDSVRAHSK,0.78
RVLPSASRRGPGQ,0.77
PVHSSRSTPPSSS,0.75
ELRRSTSSRSGGA,0.74
YAQGSRSNPTPGQ,0.69
TVKVSRSPPAKGW,0.67
VAGPSRSGGQGGP,0.62
LELQSRSARGGGT,0.62
RVPRSKSPPDRQW,0.61
PVPSSQSSQSLPR,0.61
RVPRSKSPPDRQW,0.6
VQTPSRSGDGGDV,0.58
DADTSTSTRGRGR,0.58
PTPSSTSGKGGSA,0.57
PTRSSQSSQSNTA,0.53
QLPSSRSGRGPGM,0.52
ETPGSISRRAPDP,0.51
RIKSSQSSQAGIP,0.51
KTPSSKSGRSDGS,0.49
YARGSHSKQQTGQ,0.49
RTAGSQSGHGGDE,0.48
EANGAPAARGGGR,0.48