name,iptm
E201T_I321F-SCOOP1,0.49
E201T_I321F-SCOOP10A,0.6
E201T_I321F-SCOOP10B,0.53
E201T_I321F-SCOOP11A,0.56
E201T_I321F-SCOOP11B,0.56
E201T_I321F-SCOOP12,0.49
E201T_I321F-SCOOP13,0.53
E201T_I321F-SCOOP14,0.6
E201T_I321F-SCOOP15A,0.54
E201T_I321F-SCOOP15B,0.65
E201T_I321F-SCOOP16,0.53
E201T_I321F-SCOOP17,0.88
E201T_I321F-SCOOP18,0.53
E201T_I321F-SCOOP19,0.66
E201T_I321F-SCOOP2,0.73
E201T_I321F-SCOOP20,0.65
E201T_I321F-SCOOP21,0.64
E201T_I321F-SCOOP22,0.89
E201T_I321F-SCOOP23,0.71
E201T_I321F-SCOOP4,0.75
E201T_I321F-SCOOP5,0.7
E201T_I321F-SCOOP6A,0.54
E201T_I321F-SCOOP6B,0.43
E201T_I321F-SCOOP7A,0.52
E201T_I321F-SCOOP7B,0.57
E201T_I321F-SCOOP8,0.51
E201T_I321F-SCOOP9,0.46
L273Y_I321F-SCOOP1,0.48
L273Y_I321F-SCOOP10A,0.59
L273Y_I321F-SCOOP10B,0.56
L273Y_I321F-SCOOP11A,0.51
L273Y_I321F-SCOOP11B,0.46
L273Y_I321F-SCOOP12,0.51
L273Y_I321F-SCOOP13,0.5
L273Y_I321F-SCOOP14,0.61
L273Y_I321F-SCOOP15A,0.53
L273Y_I321F-SCOOP15B,0.56
L273Y_I321F-SCOOP16,0.56
L273Y_I321F-SCOOP17,0.88
L273Y_I321F-SCOOP18,0.53
L273Y_I321F-SCOOP19,0.64
L273Y_I321F-SCOOP2,0.74
L273Y_I321F-SCOOP20,0.66
L273Y_I321F-SCOOP21,0.77
L273Y_I321F-SCOOP22,0.82
L273Y_I321F-SCOOP23,0.63
L273Y_I321F-SCOOP4,0.55
L273Y_I321F-SCOOP5,0.67
L273Y_I321F-SCOOP6A,0.61
L273Y_I321F-SCOOP6B,0.62
L273Y_I321F-SCOOP7A,0.56
L273Y_I321F-SCOOP7B,0.56
L273Y_I321F-SCOOP8,0.41
L273Y_I321F-SCOOP9,0.45
Q278E_N302D-SCOOP1,0.46
Q278E_N302D-SCOOP10A,0.54
Q278E_N302D-SCOOP10B,0.6
Q278E_N302D-SCOOP11A,0.53
Q278E_N302D-SCOOP11B,0.55
Q278E_N302D-SCOOP12,0.56
Q278E_N302D-SCOOP13,0.52
Q278E_N302D-SCOOP14,0.59
Q278E_N302D-SCOOP15A,0.42
Q278E_N302D-SCOOP15B,0.56
Q278E_N302D-SCOOP16,0.6
Q278E_N302D-SCOOP17,0.85
Q278E_N302D-SCOOP18,0.51
Q278E_N302D-SCOOP19,0.47
Q278E_N302D-SCOOP2,0.74
Q278E_N302D-SCOOP20,0.56
Q278E_N302D-SCOOP21,0.8
Q278E_N302D-SCOOP22,0.78
Q278E_N302D-SCOOP23,0.64
Q278E_N302D-SCOOP4,0.61
Q278E_N302D-SCOOP5,0.72
Q278E_N302D-SCOOP6A,0.67
Q278E_N302D-SCOOP6B,0.37
Q278E_N302D-SCOOP7A,0.55
Q278E_N302D-SCOOP7B,0.6
Q278E_N302D-SCOOP8,0.39
Q278E_N302D-SCOOP9,0.47
